usr_id,username,enabled,cus_id,acl_id,per_id,password,last_login,config,blocked
1,root,false,,1,1,$2a$10$ixTtr4FfdOAru0La4fLFI.zNHHlrfC662kxCN8/oEgGPz.ltWr8Ve,2025-02-14T03:00,"{\"theme\":\"bluegrey-teal\",\"topColor\":\"layout-topbar-dark\",\"lightMenu\":false,\"menuStyle\":\"overlay\",\"language\":\"pt_BR\"}",true
2,sbm.dev,true,,1,36,$2a$10$/xywrcIzWQDu3rKTsD4Kbe.zRBw9vj16Gitf5juKasdpPy772v9Gi,,null,false
4,reyner.monteiro,true,,1,54,$2a$10$u6cC7.6zkBhz3o5F.ORRWuYKy6HaZKmDeNikyqvKgndLrxv34YIXe,2025-02-17T16:18:32,"{\"theme\":\"green-yellow\",\"topColor\":\"layout-topbar-bluegrey\",\"lightMenu\":false,\"menuStyle\":\"overlay\",\"language\":\"pt_BR\"}",false
5,jessica.silva,true,,1,55,$2a$10$w6mpVC.j.2x3WlScpw7UE.7gTv.AaSUV3GUT5gAiWk86n6iHwz3ku,2025-02-19T21:04:42,"{\"theme\":\"blue-orange\",\"topColor\":\"layout-topbar-bluegrey\",\"lightMenu\":true,\"menuStyle\":\"overlay\",\"language\":\"pt_BR\"}",false
6,FELIPE.VENTURA,true,,1,56,$2a$10$QF3GZfDrjnSATyas4ITPPeqrV/izGVArYWr4ScXBqfyDuSRyBqA.6,2025-02-19T20:15:26,"{\"theme\":\"cyan-amber\",\"topColor\":\"layout-topbar-cyan\",\"lightMenu\":true,\"menuStyle\":\"overlay\",\"language\":\"pt_BR\"}",false
7,MICHEL.HADDAD,true,,1,57,$2a$10$hFwPddToDJvdpco5hIxClOvEN3Rx.laRyh/hVLqhytUxHENnUNHYS,2025-02-19T18:11:06,"{\"theme\":\"green-yellow\",\"topColor\":\"layout-topbar-bluegrey\",\"lightMenu\":false,\"menuStyle\":\"static\",\"language\":\"pt_BR\"}",false
8,FABIANA.AMORIM,false,,25,,,$2a$10$iI/APDkLDWJkswPIlCMmzeQft0CjCDjsLocOizruGqCItyqHvqW1i,,null,true
9,FATIMA.SANTOS,true,,10,,,$2a$10$5d/5dSNKf8h94P7cqvNAne1dHIb61GOtaKSLPbNpubSjTe60n221.,2025-02-19T21:04:59,null,false
10,PRISCILA.SANTOS,false,,11,,,$2a$10$jggC5m0cZ075NfQylWQc4epUes1zx8CgD6weDkr5Zo4ozNKgM/sUe,,null,true
11,WANESSA.DAMASCENO,false,,10,,,$2a$10$kXCj1n1Tkh6CIwYZBQoi6.PhKFwaN0QxxJQCapXgXoP7Skaa4tSv2,,null,true
12,ana.silva,true,,1,994,$2a$10$B4CAnq64FriSdyLJF1fktupNelhyNz4MWAWiXzutomj6YWJF2j3JG,2025-02-19T10:52:51,"{\"theme\":\"amber-teal\",\"topColor\":\"layout-topbar-dark\",\"lightMenu\":false,\"menuStyle\":\"static\",\"language\":\"pt_BR\"}",false
13,jaqueline.trevelim,false,,10,,,$2a$10$d6iH5hxzen7xzJfG1s6AeeYr1AkmMq8yyzMdJm15pGMs.hLW8/b86,,{\"theme\":\"amber-teal\",\"topColor\":\"layout-topbar-bluegrey\",\"lightMenu\":true,\"menuStyle\":\"static\",\"language\":\"pt_BR\"},true
15,tatiana.felippe,true,,10,,,$2a$10$wUbuZT.qYF8mmU9FAaG12eHegHb8me6EVhSayMItTxEsiwmcwhi9y,2025-02-20T19:29:35,"{\"theme\":\"bluegrey-teal\",\"topColor\":\"layout-topbar-bluegrey\",\"lightMenu\":true,\"menuStyle\":\"static\",\"language\":\"pt_BR\"}",false
17,ana.karina,false,,2,,,$2a$10$boHcqaJz.fzr1cdYeL5sNu0mpseq3aoD0eJ0iZR8CYOqlmPe5AXya,,null,true
18,rafael.fusco,true,,2,955,$2a$10$I5wslkry4NjNQTwToTJVf.6GYN25HgiRy7vPCJ.LnhYcknU1SVd6.,2022-09-09T16:08:10,null,false
20,karoline.oliveira,false,,2,959,,,$2a$10$WDyDGVT4lPKhr.QNiADIou7kpZYTBYBWQTJR5V8NMdBTyHwdckgY2,,null,true
21,carla.silva,false,,3,961,$2a$10$xZlf9zL4DsiF1M4C0JIqq.v3r42wj43xfFCzNkwOjxOk2xdUPkhl6,2024-03-27T00:00:00,null,3
22,Leunice.araujo,false,,3,963,$2a$10$P0pXLWz/FVXQWoIBbb8/guE7zV8fBx.hJPuOaJ/jl9tsVOy5ZZzmW,2024-03-08T00:00:00,"{\"theme\":\"amber-teal\",\"topColor\":\"layout-topbar-grey\",\"lightMenu\":false,\"menuStyle\":\"static\",\"language\":\"pt_BR\"}",true
23,magnalma.marques,false,,3,965,$2a$10$it5CkryNBC926r1zIw9ic.90aXh3r36blSKM.cnz6uZkjgvUhVPsO,2022-11-22T00:00:00,null,true
24,aline.lazzeri,false,,2,967,$2a$10$N4HO4hKvkLY/fbx2JKikGOs5zYzO67OoG/6ISCp/.ZDviE07BNYsS,2024-04-04T00:00:00,null,true
25,paulo.cestari,false,,2,131,$2a$10$J0EY8RrAFGmglORXP4sgyesb7ohIwzi6n4OwxEgxCmvTJOdUWw/gi,2024-03-22T00:00:00,null,true
26,nayanne.franca,false,,9,973,$2a$10$LXTPj7bwBMk.igxUSp6EA.ZFVLCfqk.2AZwhIjLKCAggwHqxj1nV6,2024-11-01T03:00,null,true
27,anamaria.melo,false,,2,975,,,$2a$10$Ju5xD/8o96L7Vvs6UWoEXegy5P3n329BqWAh34.nfB6jXW9.YyPpG,,null,true
28,daniela.belentani,false,,2,977,,,$2a$10$KUI8S5DhRKfjiwmk.j0AP.7DNmH9i/VxAY/Jeei9phaHQZzfAGaoW,,null,true
29,regiane.lobato,true,,10,978,$2a$10$x1oBBDG5R6G7qP0Nm6TTRex4I358sX3.OW4S58KiSIAFB.SDnoexi,2024-04-17T00:00:00,null,false
30,carla.fusco,true,,2,982,$2a$10$48PxHMLEBMetbYDZRyahQuIwaxVXltaoIj2DQOk1nyAwH3TL66Ene,2025-02-19T17:23:53,null,false
31,renata.ceron,true,,9,984,$2a$10$0PtX3Tg7FKMKMgA7z4CAluwHqel3XYNdauYRXB83GRW8/e60MZcdy,2025-02-20T18:38:34,null,false
32,luciano.viscardi,true,,2,986,$2a$10$LvstkpMkBmDwlfNInKCguu.ZaZNrWQS8kQOwza71nXei8FB6yeEra,2025-02-18T18:55:04,null,false
33,elisandra.santos,true,,2,989,$2a$10$0JuMQedkvAUtUOxfdFDFdeQjDhZkku0nDkGDJmmcm5s3NAHg3/pum,2025-02-20T14:01:58,null,false
34,tatiane.ramos,true,,2,991,$2a$10$xNlssH1vjuWHDvU07u1Qfe2SUkJIXl/vIUpyaYYdwsdPxYDoNEpVy,2024-08-19T00:00:00,null,false
35,simone.sousa,false,,2,993,$2a$10$pXvAXSAwAMyDXzg6hSXC6OarmWVnv2Llz4wD232eIjzXyOuTZwB8O,2022-09-09T00:00:00,null,true
36,tatiana.albuquerque,true,,2,996,$2a$10$L6K7yAC3VBZeQItyT5qJueS7yYE3fCCAWBr34FsrW23zJu6or0sI6,2025-02-17T20:09:46,null,false
38,jose.oliveira,false,,2,1001,$2a$10$Bmizoeh5MfiI4oPQE3l4d.lV.1/1uFtfRjwdos8URDgoVYiokJwZi,2024-06-10T00:00:00,null,true
39,daniel.augusto,false,,2,1004,$2a$10$nT0e8sqoyaGUUP5qQLte9Ou4/zlxNbGipJm8vjzUfKQMpEk5UHL2e,2022-09-09T00:00:00,null,true
40,fabia.ferreira,false,,2,1005,$2a$10$FRGGYr5vJcdF7MaDP4P/5.oKFtNOgUdivyB/BFEdIZlnYKE2rLSNC,2022-09-09T00:00:00,null,true
41,leonardo.arnaud,true,,2,1006,$2a$10$cAzjT6HsRyIXxU15atgZCeMOSd.bzv1lwgkqDRXIVYGWsm2.PTse2,2025-02-18T18:33:36,"{\"theme\":\"bluegrey-teal\",\"topColor\":\"layout-topbar-grey\",\"lightMenu\":false,\"menuStyle\":\"static\",\"language\":\"pt_BR\"}",false
42,marcelly.VIANA,true,,2,1007,$2a$10$E3DGS.Ri2WMVUuvztct1W.m.TlvikW.s5aJ5r0l4fYUh4YDZGZK16,2025-02-20T18:33:46,null,false
43,igor.amaral,false,,2,1009,$2a$10$8KiC7WhMU0upMFVI8ttFh.QxLTmrsufg/yp8yaPg7WNxGJbGf2/Hy,2024-03-22T00:00:00,null,true
44,teles.zolezi,false,,5,1010,$2a$10$zVTBFEWUgGKOX6Nz0Ed0Uu/J4Gleccnd6zzo6v4v60zuqa1hsIce.,2024-01-15T00:00:00,1,false
45,joao.gabriel,false,,1,1021,$2a$10$AeZOfbnT4uSLSwXDhFnz6OyT04yn8yNqsYsFZVWpQUzQEz0O29JjO,2022-09-28T00:00:00,null,true
47,thais.oliveira,true,,2,1158,$2a$10$eSywKEGgu4FkZE/XRruG/ebdw8mB5V36lLv4pROQU7vPzXGVyi.6q,2025-02-20T13:47:08,"{\"theme\":\"amber-teal\",\"topColor\":\"layout-topbar-bluegrey\",\"lightMenu\":true,\"menuStyle\":\"static\",\"language\":\"pt_BR\"}",false
48,teste.EVERTON,false,,32,1160,$2a$10$dO5zy4MKmqsp6wJcNUmc.ehpqw9Xsj.H8DcrNv6tVNGpFEDZD3q1a,2024-06-22T00:00:00,null,1
49,sbm.support,true,,5,1172,$2a$10$9dubgkjMZe1no6M1dpOPFOFbz6Tc0PNXtmuvdF818nnTJGwawvcIi,2025-01-14T21:05:52,null,false
50,LAIZI.MATOS,true,,1,1174,$2a$10$MR7iZ0/7jbuxtYnyCUdBU.uUfLQA9OqvoN/iW8IXFVqWuoJeIYwMi,2025-02-19T20:40:29,null,false